order_id,payment_installments,payment_sequential,payment_value,payment_type
b81ef226f3fe1789b1e8b2acac839d17,8,1,99,#credit_card
a9810da82917af2d9aefd1278f1dcfa0,1,1,24,#credit_card
25e8ea4e93396b6fa0d3dd708e76c1bd,1,1,66,#credit_card
ba78997921bbcdc1373bb41e913ab953,8,1,108,#credit_card
42fdf880ba16b47b59251dd489d4441a,2,1,128,#credit_card
298fcdf1f73eb413e4d26d01b25bc1cd,2,1,96,#credit_card
771ee386b001f06208a7419e4fc1bbd7,1,1,81,#credit_card
3d7239c394a212faae122962df514ac7,3,1,52,#credit_card
1f78449c87a54faf9e96e88ba1491fa9,6,1,341,#credit_card
0573b5e23cbd798006520e1d5b4c6714,1,1,52,#boleto
d88e0d5fa41661ce03cf6cf336527646,8,1,189,#credit_card
2480f727e869fdeb397244a21b721b67,1,1,142,#credit_card
616105c9352a9668c38303ad44e056cd,1,1,76,#credit_card
cf95215a722f3ebf29e6bbab87a29e61,5,1,103,#credit_card
769214176682788a92801d8907fa1b40,4,1,105,#credit_card
12e5cfe0e4716b59afb0e0f4a3bd6570,10,1,157,#credit_card
61059985a6fc0ad64e95d9944caacdad,1,1,132,#credit_card
79da3f5fe31ad1e454f06f95dc032ad5,1,1,99,#credit_card
8ac09207f415d55acff302df7d6a895c,4,1,244,#credit_card
b2349a3f20dfbeef62e7b31baa22f84b,3,1,137,#credit_card
5a1f6d22f7dfb061ef29216b9af687a1,4,1,48,#credit_card
4214cda550ece8ee66441f459dc33a8c,2,1,171,#credit_card
adfbf6c2a620196f9a3ec747491c72b7,4,1,68,#credit_card
4d680edbaa7d3d9bed69532957368a03,10,1,353,#credit_card
8cd68144cdb62dc0d60848cf8616d2a4,1,1,331,#boleto
5cfd514482e22bc992e7693f0e3e8df7,1,2,45,#voucher
d0a945f85ba1074b60aac97ade7e240e,2,1,541,#credit_card
c39414c195d0f94c9d9c35e7c6ed4f1a,2,1,139,#credit_card
5d9c5817e278892b7498d90bfa28ade8,2,1,290,#credit_card
b69b9260e79a0da00e15f48de1bd2524,1,1,283,#boleto
f45074ae38f2e01d9b854ec8d40362ff,1,1,14,#credit_card
81cedc4d2132eb6f512354166e51b187,1,1,30,#credit_card
595f598849d89203c28d05d0fbf3f92e,1,1,27,#credit_card
f9d0ec2fa088ac583e1ccd15b6686073,1,1,90,#credit_card
e647bf617de735448a4ba54f8910393c,1,1,65,#credit_card
b2bb080b6bc860118a246fd9b6fad6da,1,1,174,#credit_card
23f10f509600c30cf2852f9dbdf28fc3,1,1,103,#credit_card
f86f6472fa9f395d8d9a6751ca118afb,1,1,64,#credit_card
1dcf0c8cd36ffaf57784fbdc90079310,3,1,157,#credit_card
00d8d65b666158b633f96054d31af43b,1,1,131,#boleto
cf30fe76d1505192acee1c6dccb15545,2,1,48,#credit_card
d3e774a185c0b1b2286ffd6c70abe2e6,8,1,118,#credit_card
32b1d8f3789a57f1f752e20ac7404b4c,1,1,57,#boleto
c10d412026c4077b8e83acf0fea04eee,1,1,266,#credit_card
56c3277583e16009c925fdf116df420f,1,1,31,#boleto
0e0441786430b7cfcd0d91f822ea4c99,1,1,121,#credit_card
6ffb3f1686bceae3466facf7e02ce3fb,1,1,32,#credit_card
afef48d3c8a0b1b7c9b7f8f922fb5674,5,1,153,#credit_card
c0db7d31ace61fc360a3eaa34dd3457c,5,1,66,#credit_card
d574338f566ca28dd67820f48ec1f1d8,4,1,278,#credit_card
1807cc736321f14baa58ef39cf6e5989,4,1,92,#credit_card
e8977f709bbb0367f51b589e6325f991,1,1,133,#credit_card
2e2c60b99754ae1e4d8b18846cfec9f2,4,1,543,#credit_card
1ffb3c1929b16d9c1aec1958e11b3e9b,1,1,166,#boleto
95442deb81a5d91c97c0df96b431634a,1,1,369,#boleto
10af96a0689260134307879127ac1952,2,1,113,#credit_card
85eef2d342b0de363c45c1bc324729c5,3,1,99,#credit_card
aa964845f1de8125410aea8b73e9e1ec,2,1,27,#credit_card
343348b1e29e9fa9e7b6ab1027f9177d,4,1,44,#credit_card
ad4098a257676ea4d394fb3bbbf36ca3,2,1,68,#credit_card
3e0c3cab458e8b3cc8d1d38ecb7e7775,2,1,106,#credit_card
3ab4eea6776259ae8dfbabaeffece352,8,1,388,#credit_card
10d9871bed9fb8d0887d3b9022edd1ff,1,1,84,#boleto
c108072ab31ec90a754129c171577f5f,4,1,211,#credit_card
fc662bafa52d2ef16078f6f6141009d6,1,1,90,#boleto
4217849b1ff18a9270fe048eabc4dc45,1,1,68,#credit_card
795c16acb4e3c30dfa5b6827727ef488,2,1,38,#credit_card
55e2d723733c45033e71cb4d44690234,1,1,90,#boleto
947e9c6bfd83a06953c420ef92d3da6e,1,1,69,#voucher
60e43c5f5ba559d9dd19357ed72cb2f2,2,1,78,#credit_card
e3e9e3295f4e1512167c232a0aaae8a5,1,1,51,#voucher
460d57443ffdcaeba240360239747cf7,1,1,34,#credit_card
4cb51127f19f7254b320efe1718477dd,1,1,77,#boleto
110d9355d6338eab0a65a0cacdde5434,5,1,566,#credit_card
42f5954cda381bd032934ee38c453711,8,1,402,#credit_card
3689194c14ad4e2e7361ebd1df0e77b0,1,2,58,#voucher
97c111c4f22dfa1089a9c0b5338dcc79,3,1,44,#credit_card
4b2d035932915aa9c2a0d4d84cd6d3b0,3,1,188,#credit_card
e1b4ee0e390fbac1dec439d72b45a115,3,1,78,#credit_card
fee72a68ce935ebf2939fe72f27d3d9b,1,1,49,#credit_card
4d3bfdf4c7d6578ea445d588371ae10e,1,1,77,#credit_card
4c2e1a95586c815795a324d1599e7b5a,8,1,118,#credit_card
c9f23db8a1cb725df9bdb3383bd72b38,3,1,169,#credit_card
8e47a04b25d7a7075064e8e0bd2e0318,1,1,38,#credit_card
723e462ce1ee50e024887c0b403130f3,1,1,14,#credit_card
fa2ea4b6e84c1c0fc4f3a6d468c55183,1,1,227,#debit_card
fb1a2a1296f822405a946cbdfc0d3ed6,3,1,35,#credit_card
198298d54f269d8c5fe89e85a859af61,10,1,343,#credit_card
b19ca559688b49e8cf7f88c1aa3f0009,7,1,73,#credit_card
5be8d4719fe2e3669e2d07dddf3b6b0c,4,1,118,#credit_card
4a02e985c7239d866a632f07ed20d9c0,1,1,49,#credit_card
3e17eef8a8bd0131c7aed90d7508799e,1,1,54,#credit_card
f8d323a2702fed37f0229965f7e9f8b3,1,1,51,#credit_card
de4090fd9b7900d46323b0c7c36b7128,2,1,121,#credit_card
17e5131fe1d4b1a8dc14d4a66914f9d7,1,1,73,#credit_card
20f136d890c31a62486c809f91a5b098,10,1,118,#credit_card
557cc2675910c4a6c9b54ad276f25097,1,1,57,#credit_card
d60a89ab9bc1e68834465ae630c3343e,2,1,116,#credit_card
3ba2d0012b1f34bc6ccbc31c4ba69f93,6,1,60,#credit_card
d46f45b0d795bcf47a19d301710e63fe,1,1,27,#credit_card
96de2b7f7f3c401fbee3eef068376da6,1,1,32,#boleto
f9d5bfb53147f381e81b89a848e26b16,3,1,196,#credit_card
21b8b46679ea6482cbf911d960490048,1,2,43,#voucher
e6670c9089973cc68e5b90b7d1f4fec4,1,1,88,#credit_card
85a4fbdba48c815924115fb82330071c,3,1,34,#credit_card
35525be13c4af8acae0bb6d13c27110d,1,1,41,#credit_card
46ee6eaca194413758f200a6974b7e4d,3,1,72,#credit_card
f49cd89d6dad6dd5759ecf15dfe4bb19,1,1,47,#boleto
9acd1ccfbc6445c0cad9ee9ddb48054c,3,1,82,#credit_card
83f24bbc4f76a2730ba9c9cfa32e6d07,3,1,231,#credit_card
0b65284a1a74114ea029b7676fdc1ba3,7,1,144,#credit_card
cf61ad2218e5c14397e7c0ba7a6a50f9,1,1,35,#debit_card
243312dbb316253ab77bb0140d94803c,10,1,286,#credit_card
8973a53fcad22a79e0ff315e7f9a0fd9,2,1,177,#credit_card
f090de1b2ed9f4e251662cb31e3c7127,2,1,28,#credit_card
2ccde1e4676c20b9444e2bcbed36334c,8,1,135,#credit_card
0f4b5614da144989e2acc5291af24357,4,1,97,#credit_card
1d92d2ce1ae2e0510b5ce50c5be578c6,2,1,110,#credit_card
a490a5d59a9bf4ef3334bfd7cf1dbdfc,1,1,18,#credit_card
60ead11db6b36221fe1424e330883a9a,1,1,44,#credit_card
c51dcdd98e1c413f3d394ffcb4656ed1,4,1,110,#credit_card
ea9184ad433a404df1d72fa0a8764232,1,4,22,#voucher
8f936fb77c720ab9ccd618af38c885cc,4,1,47,#credit_card
0fba53cb4e9429e38cd2750c32fa24a5,1,1,52,#boleto
cdaa116d3c2521b4b6976043508d0943,2,1,62,#credit_card
68d7420c86be23f313c81a554320f986,1,1,122,#boleto
a5f860aaf6a3c35399495aefe92d363f,1,1,76,#credit_card
f51e3c7f79d1e2c076acbb6af1588b95,1,1,130,#credit_card
9184724aacd6a7da5bcf4c08c2c674a8,3,1,58,#credit_card
8bdc559b124e47eb71b5d1be8d6675e4,7,1,76,#credit_card
49d3db2a02106c24d6ef800bd8ad5546,1,1,90,#boleto
c604ad5f1e0d0bcf9977cf46d1d72303,1,1,31,#credit_card
859980aae511377b7230f72d90bfc580,10,1,107,#credit_card
e2cd740333fe4585ead5c50c61edb6a5,1,1,163,#voucher
55779fa8fe072d9f8c92d672154558f2,1,1,234,#boleto
99bc267f49d76932cd195bfb2a94dd03,1,1,163,#credit_card
0c99132c4ff916416ba8f74c378f1cbc,4,1,136,#credit_card
66a4fa2d40fed98c34ced62496fdb1e7,1,1,267,#credit_card
db43c1a570e28fe9da60a444e3616a2b,7,1,187,#credit_card
82ffe097d8ddbf319a523b9bbe7725d5,1,2,30,#voucher
f75666bf6c9e09f6b3f4bcd797b57a3c,4,1,97,#credit_card
5e5d1342989d05440629e2162fa52d07,1,1,49,#credit_card
14d9794bbb53614d12cc2df6a045f82b,1,1,117,#boleto
a8c012ba7d95bd2d15f666681f19c146,1,1,41,#credit_card
31f8013402a0749b3ab433b1aee11754,1,1,42,#boleto
4f99d1a7b0d2308edf45baa6997ac961,6,1,126,#credit_card
ca8f94a99a8120c559e416275a535066,5,1,93,#credit_card
9bdcb4559b75d21a22fcd868d9e5dfec,8,1,348,#credit_card
96cc8c42014ddb42a775da9a45ae3f76,2,1,203,#credit_card
87f003dca70d4d22518366caf041e845,3,1,44,#credit_card
f244841f5a461472de8de82f023b1371,10,1,116,#credit_card
3597f6476c27b4e1cc2f58588116f8f5,1,1,85,#boleto
242e24b7eaa9f48cde9d679f8591124d,4,1,237,#credit_card
18259631aab7299bf25f83f5eac4c8d1,4,1,220,#credit_card
14c0c0bebe2cd50fb1dbdee84fbae03a,1,1,181,#credit_card
3b697a20d9e427646d92567910af6d57,1,1,45,#boleto
55c0b6b41ce482c3f77407ef43fc6bad,1,1,26,#boleto
53035288acc866ee15423b4293722b46,1,1,376,#credit_card
845af9472cc76e66fbf445931b511755,5,1,123,#credit_card
953b6636ab2347a8ba37a16770db47f9,10,1,379,#credit_card
886b114d034f4ac1d39d964c1b2a8182,10,1,2027,#credit_card
c61e3efc183db6b89f5556efb5aa8797,1,1,46,#credit_card
2d1d5777f29a8ee6593cf90b85afb5b6,1,1,91,#credit_card
aa600269bffea363cca75ad2d1908903,1,1,93,#boleto
487c1451b8fd7347d0e80e5aca887e91,1,2,30,#voucher
0a9716da94d89975e6637874280aadad,10,1,166,#credit_card
65c863d90026e9dd4888e28d2135c983,1,2,50,#voucher
62d9b911d7c56cf455f660eecb8ddd3a,10,1,1003,#credit_card
279cc62fe9c5a9e6a7ad5a7536560944,1,1,117,#boleto
e6ed38386107802a72ec8197195f79a7,2,1,241,#credit_card
4a4ed9ed7922304a569ed850baba99c6,3,1,33,#credit_card
3f5a1c29c5881cc9902ed702efbdde45,1,1,214,#credit_card
1594012ccc1b0770373ce691d697e5ae,8,1,362,#credit_card
2fe14af1d4563c0e76f382bc63c9a245,2,1,89,#credit_card
bc3d816db1aa7215dbde5b1b00d3d32b,2,1,47,#credit_card
67c8c2016ddabf0059783eb44e921f99,1,1,69,#boleto
07d13d352c85dfbfa60dc56dea818335,1,1,33,#boleto
b545ba7b0bd67a3128185c7214704319,8,1,340,#credit_card
9d8065ae4c6f5725ee052d02ab00f64e,1,1,82,#boleto
d9d104af1ea99e0b7f6b0644eedc74d0,1,1,41,#credit_card
9e59025992bd64bc26551391ed44a450,3,1,67,#credit_card
591083bc42b589c7052118aa83118e76,1,5,20,#voucher
79b63d1f9cf0257b33b04fbfb0847cba,1,2,77,#voucher
7327c30a5230ce07bc2c7a695d553a00,4,1,40,#credit_card
3b9e43d6eba694f8a29c11ee67a04f2c,8,1,242,#credit_card
1e6d912e4c63965bb9eccf0cc765fc24,1,1,207,#boleto
57e4fc8f20507381b3f7abbe4e2ccda3,2,1,216,#credit_card
d4fdb2be174c84a6409a3968c55b01c5,1,1,40,#credit_card
e1b6234c322ab01a32771bf57c597043,8,1,156,#credit_card
03afb3c10af52ddfa3c33b9881bf43f8,2,1,132,#credit_card
c1b770015e27aaf2b475026989d04fe0,1,1,138,#boleto
1a9b986cfe31ed59c5a6c00287db7e74,1,1,32,#credit_card
66f249e4d7ab2f3872de7bd6d74719dd,8,1,349,#credit_card
c79bdf061e22288609201ec60deb42fb,1,1,12,#credit_card
648b4f683ccf074ebe65a73c8096dd18,4,1,140,#credit_card
02951078a21a2d9341ea16089a4d5031,12,1,257,#credit_card
afd0dbbab8e90d099aaccdd8ed7d5f26,3,1,269,#credit_card
2ad6c6594bf0917a25ff8b8918d4b7b0,1,1,40,#credit_card
774359a2a8b6be829653bae9390a0dd0,10,1,350,#credit_card
332c6742772f2df936696b6512b10edb,6,2,135,#credit_card
c385c0eba07c858dd60ffe00a60dda64,3,1,113,#credit_card
d087b8e096ca051f548e29b324272834,1,1,72,#boleto
5262eaeb971616ffef822379ed91896f,1,1,1,#credit_card
52636dd3c039f62169b0eb724af63047,2,1,78,#credit_card
aa7c35fd606f4275e267e859c6a84d0f,2,1,27,#credit_card
caca64f71d73695719939294fa88c791,1,1,371,#credit_card
fd1ddfeca967b94315642dfe5c7545f7,6,1,226,#credit_card
fa12564d7462c9a851c79c301bcb97de,3,1,104,#credit_card
9c96fac210f67f329b80d898001fee09,1,1,65,#boleto
85e710051891004eca4f527adcadd0c3,1,2,70,#voucher
11978d520d85578c9f024b99ac1a87ef,1,2,20,#voucher
9062b998bfc2521b3978b34034ba6e1e,1,1,125,#credit_card
31be75ffd0c4b58ca777e72cd2352b14,1,1,96,#boleto
999d0185fdc3859e118a76c1e7d8dfe4,2,1,25,#credit_card
6cdb86865449a92089579ea715e1c1d1,1,1,53,#credit_card
50bf77081d0fdd2e57dcff0acf8fefeb,2,1,146,#credit_card
d121cbcb7091fbd55ad0344e0f045982,3,1,50,#credit_card
37fc44460574b368fe7933c6ae98f224,1,1,47,#credit_card
3fff175860497ca456d60c90b1f2b797,2,1,169,#credit_card
ae1126b6891f58552443772c80b1f562,1,1,134,#credit_card
d56564f21e612a588607e9ffb39b9d21,1,2,1,#voucher
068176c8a0550b07cddf7e05c8d55319,1,1,124,#boleto
9488305b52042a978d3bf78cf94bcd54,3,1,284,#credit_card
7a1ba14765ea354929894e667c06f386,1,1,90,#credit_card
4b5648d8399ea47a4c323499045aaefc,1,1,32,#boleto
52b5d339bbba7bd8f18ca836ab540227,1,1,43,#credit_card
3a1a92434eae60a4f44ad7ebef65c3e7,1,1,255,#credit_card
dc400373e624e9b0435847a79813c658,1,2,49,#voucher
9f1cdc0e091b90e61836ddc009a60ef2,4,1,48,#credit_card
d9952ada4955694cae66806b7d5ac6ca,6,1,68,#credit_card
251d586514cbf0cace61e03c54a7bf1c,10,1,311,#credit_card
0435b65bfd0a1cd1c48a82f5b405ea78,4,1,154,#credit_card
6644170ea0130942cfb3064dce01004a,2,1,334,#credit_card
7c3e71109e904d8e0c8d034456f87eca,1,1,405,#boleto
881206af1a6a9cd34119b99782759dd4,1,1,45,#boleto
f86d7bc39aab05299691322044b63bb2,1,1,1302,#voucher
5f082a502d1fd6f19d32897c2c2cbcec,10,1,646,#credit_card
27a7ac440630f9de788e4d66e72c6424,1,1,186,#credit_card
cc1cc1d6081f7f07a16cc1a3e4ba0b78,10,1,208,#credit_card
76b8568803f110a59ece4167463a4a7e,1,1,76,#debit_card
51e88bc351dd268bb9c9e78d263c4a06,2,1,67,#credit_card
a5b431090739891ac76875d9ad9bff23,4,1,232,#credit_card
ad62ce74c314772d34c956d73fb305f3,1,1,69,#boleto
a669137c06cc23b7962d63be3a2ad6d1,3,1,641,#credit_card
da46439d7d06cf02cb44d0908ecc3575,1,1,42,#boleto
d24e8541128cea179a11a65176e0a96f,1,1,50,#voucher
1c67e99dc37224bf3ad220ae2368c068,1,1,107,#credit_card
4ff8e28200e5a7a50b448cfaaf1f8ed3,10,1,2288,#credit_card
33ebbe6b176d53190194b5b05cf69330,1,1,70,#boleto
2176f1406c11f07dcdea94931730770d,1,1,88,#boleto
08935d5052c6414b1960eb67796d01f5,4,1,117,#credit_card
f553b61e2a7f6dc62c5f8de4ffb4a031,1,1,195,#debit_card
1966886b80f14d0588adf6406afb0026,1,1,69,#debit_card
f6ed483455295c6e7544f141244cd981,2,1,152,#credit_card
bf951e41c5adb873b7fdcc1e83b406bf,1,1,55,#credit_card
32d8aa395f9c9f357e1e3f7b214b9082,1,1,104,#credit_card
b798fc527c548bfa5f069b5b29195275,1,1,226,#debit_card
6c936253ed9ab81f5293da5081ba8a9a,1,1,40,#boleto
dcec2b3be8c3d53056fe63381b2a6cfe,10,1,159,#credit_card
90eaac01afdf4e531a70ad869e092c75,1,1,234,#credit_card
a04639b53f2cbd1f77b63ed44168566e,1,1,45,#boleto
97e8d3eb8f48e3610beed991e5f32296,4,1,205,#credit_card
7cb79316d2abe37e16ec83a07afb2895,1,1,14,#credit_card
7250e10eca3d7f71a091ac5752d3228f,1,1,222,#credit_card
cf8ace9395d2ee06b4b513df8ba682b3,1,1,52,#credit_card
101fa9bbc869f267953a48b0f659dc62,9,1,131,#credit_card
24abd231b3f48073eb9bc660b3eea5fd,2,1,38,#credit_card
bedff73fa5a137527ba9314cac93b7b3,1,2,35,#voucher
808c4b75909ba91f23c1ef928f396822,3,1,144,#credit_card
c1310d06e793969c9dfc72a433db577f,3,1,87,#credit_card
9144181fd06902570ce9c34860652f55,5,1,118,#credit_card
d189b98b9c4f5325db664c5455fe927c,1,1,342,#credit_card
2e2dd1119ebf597a9c05d80b5d6eeace,2,1,105,#credit_card
7354aed5e2d142803a8121059f1e9324,4,1,68,#credit_card
ab85e3c92c828eb802fd91345e45d92e,10,1,358,#credit_card
b80ba0f0c3d2a63feac0116f533cc6a9,1,3,3,#voucher
f0d8a84693b073fa90c69667c924ff8f,1,1,93,#boleto
35bf7f86bc7add201e5b6573052157f0,2,1,68,#credit_card
56ba89857b4e6eb192108f310a81163b,13,1,197,#credit_card
0f67e615d797da223ac5601b9b08b180,3,1,154,#credit_card
440a666da55232dbd02bb270c7ac7d8c,3,1,46,#credit_card
57bfb7a49bcdecb20d9dbb778d7d7590,4,1,102,#credit_card
f6eb6190398bfb32871584bd111dec04,5,1,119,#credit_card
6b58f3523e45f9838f702acbc21e2f51,1,1,44,#credit_card
210a5f61a6a19892f81bb269863f4742,1,1,68,#credit_card
009ac365164f8e06f59d18a08045f6c4,1,5,9,#voucher
f1b7c83171b22e2babd61eb8501d58d5,2,1,44,#credit_card
bb2d7e3141540afc268df7ef6580fc75,1,1,37,#credit_card
1f31fc163d36ff823c54a14e947b5bc8,2,1,114,#credit_card
d4c46523b1239f182b74fb0ea1c27f32,1,1,397,#credit_card
88857d91dc3370190060f4b06041e708,10,1,186,#credit_card
73596e67516934a7fe64cc6ca6d75545,3,1,62,#credit_card
e9da0d015d8dbc78a000c0b78cc87728,2,1,25,#credit_card
e6f98f32bf5e724269a5e9cb2529f2e3,5,1,153,#credit_card
acd76a8508680cbb5d4c04707be03f87,1,1,145,#debit_card
aeb81ccabe4f164a26e763cd5b07fd99,1,1,71,#boleto
d51cbac21a49941976292ba004bf4165,6,1,114,#credit_card
edb14cad806f8ea19a08ed06c26726a2,2,1,31,#credit_card
6225c94031a1e372349fa17f1891317d,5,1,257,#credit_card
c8e19a0edcf6fd34024a2f7fe5f85ef8,1,1,341,#boleto
984c8458b4e17a487d85b16c9ce0f00c,1,1,144,#credit_card
29aefbcf33949b65e5303167977e0362,1,1,85,#voucher
ec5cf2317f5141a62836da8e71586eb6,8,1,232,#credit_card
3ba1ccc3882bd7df61ee5030f44ec1d2,5,1,194,#credit_card
5b2f1ff03b77977af4258e7cfc2ec799,1,1,261,#credit_card
490f30e8fa50cb3ef01058c9ab43048d,1,1,50,#credit_card
191a21c0a0934fdb7dcd56c6b28a8682,3,1,197,#credit_card
a23c7a7d06f1f8e9f6e45f934c7e106b,1,1,246,#boleto
621b8e90f6fd06a792af8bdbbaf64a92,1,2,72,#voucher
e4fe84926e03b0030e643318464be6a7,2,1,217,#credit_card
4801b9cf238c2c9098bd66a5f092c2da,4,1,152,#credit_card
37c755c6df4b61c5b4cc40361ae57588,3,1,72,#credit_card
d232a4685c8ddfc98307d91978aebfa5,5,1,129,#credit_card
2d5b43766328f55157cae1e85e1dd475,1,1,57,#credit_card
07a26b88cc90e93f5c9401de11a60793,1,1,20,#credit_card
ce7cf6dd8f80dfb98716950ae40eca59,1,1,172,#boleto
bf5099786cc9dcd17a4961c9406fb3f3,1,1,86,#credit_card
4cc95216e51190048472a2baf6fa53ee,1,1,56,#boleto
1c859fbb6e7f238f3f6134628b845f3a,1,1,26,#boleto
5eca2113141f2c0e048b11bdcb7a0371,1,1,41,#credit_card
ada812c7806382c3085a5f5024bc17ca,1,1,37,#boleto
ad2e046d1a59ee49ddf9ae258360b81b,5,1,135,#credit_card
9027f38fa8afb91a7ad77fd92abf97a1,5,1,477,#credit_card
cd82b3b68f4843cceb338d860b8aa006,2,1,440,#credit_card
6c721c8ce1b433e68655575af4955976,1,1,68,#credit_card
e199c3b74cd391568e7c99aa28b0f274,1,1,169,#boleto
94a71bedec852e752e86d530d03d6061,1,1,32,#boleto
64d6282bba1a1c015acbdcacca391253,1,1,41,#boleto
49f62326ab0dc444db19abf56861df10,10,1,110,#credit_card
0e2b7e9ea88624cc24fe978983190dea,3,1,207,#credit_card
cfae1e992eeb0f51ba0de3ddb87b33da,1,1,134,#credit_card
99396be04e138247e9fc0528a62e0919,1,1,56,#credit_card
c776863a93dc0740c6e7d78104b21413,3,1,264,#credit_card
ff2debba53c9c8185f517f7b3a936aed,10,1,241,#credit_card
7cf01fbc143d74367eedc9b9f8fbf437,2,1,92,#credit_card
c8ea1ac95f4f994f94fb57e99dcca985,4,1,49,#credit_card
c24a00c414738de9ee6121f179ebba9c,1,1,108,#boleto
cee90a4ed9adb7e720e6007bcc43e4e3,3,1,62,#credit_card
ddc5ef5f86c69f1a29ff3e05e3fc54ab,1,1,37,#credit_card
dd691e4f12c592067339680ffc3dd443,3,1,35,#credit_card
a144da15ca9cb1ebccf012a14736c54d,8,1,256,#credit_card
ce70855bb79f7086da0e4974f7324ac1,1,1,48,#credit_card
8f4be74e60d163c72a59ba577a642d70,5,1,126,#credit_card
f26bbe1ba1d50321617831285d0fe62c,1,1,42,#credit_card
7246a71d326111872bfdfd34f495dc4f,5,1,118,#credit_card
e65f1eeee1f52024ad1dcd03447f7482,1,1,43,#credit_card
d2ebd7492d92dfb6a5737ba33a58f920,4,1,145,#credit_card
8e6df87600aae0285919b5529f7f0bfd,1,1,126,#boleto
b45255a6696ebb8f53915a109a16458a,4,1,125,#credit_card
bfc9f97fc7ddacf8a3c33c4b2bd15a93,2,1,230,#credit_card
9d4fe519c77c087d5a1bd73637c5c6bf,1,1,125,#credit_card
fb6343faebbbee8c21d59d4ae59477a8,1,1,144,#boleto
2df8ef770ee7c12291ed7811f4f414c5,1,1,57,#voucher
75450feecb51c39e54f4bd4c74b867e5,1,1,47,#boleto
d3f44296d90a42d3ec4b52b18654e87a,1,8,4,#voucher
87b8f9f472fb04cdbf53fb55a3591b5f,3,1,73,#credit_card
9a8743fed3cc7a477eb92cb0ca0e7d26,1,1,50,#boleto
d0e9849de800fdb4cb3b5e6d42c6b367,1,1,86,#boleto
838411338443a817cfb4c26f0f7a9c9a,1,1,64,#boleto
ce6d150fb29ada17d2082f4847107665,10,1,1586,#credit_card
bedae8df4e37a65ccbec319872296b89,3,1,433,#credit_card
16b6123f7077419424bf89af74e2d054,10,1,642,#credit_card
e147052b9ecc00bf938f9e8581944207,4,1,264,#credit_card
18dc026cdb7d39abde1489c336528961,1,1,135,#boleto
06ff6cb289c9f1d1ccacc6764874e3c2,1,1,58,#credit_card
4436eb8a73f08dc5c4ba8b1e5b96d290,1,1,384,#credit_card
dbdcb70ae949e4cce08f59bfa7e4604b,1,1,159,#boleto
fff7c4452f050315db1b3f24d9df5fcd,1,1,757,#credit_card
ed90ba41c41da31da8e891ff43a584d1,7,1,156,#credit_card
0bdb173bda4bf7e4109fe707c309252a,10,1,133,#credit_card
5b7c6dbea3e21dc6314451ed73907c0c,1,1,48,#boleto
47d051e89cf6490245136694a26a4395,5,1,107,#credit_card
0cd19e832fefb17664d1a294b90ad192,10,1,110,#credit_card
9786fe4bfc559809a4bc1a58b72e2077,8,1,369,#credit_card
0fe5bc7345e72628330234915ed373bd,1,1,107,#boleto
817e8b5495d2b31da82dfe5a89aacdba,8,1,282,#credit_card
22543080a0066963931832c0df11b2be,2,1,54,#credit_card
8ff5ec04a3f395979b2371a0a9ef4136,5,1,122,#credit_card
257699bfe87de4eac234324e88db828a,2,1,102,#credit_card
386a7bf9de133efa1516c4145330f3a6,1,1,91,#boleto
a72d1276fd9d74c154120c3a11eba771,1,1,76,#boleto
e74c5411558a7a26de918d23a07e1cef,1,1,43,#debit_card
2b49d60af10ea7e2443376987ec8a184,1,1,36,#credit_card
c047e1042ab337c92ea23d512b54c5bf,10,1,444,#credit_card
a132f4bdf1eb9803546cef73ca7bd322,1,1,69,#credit_card
683bf306149bb869980b68d48a1bd6ab,1,2,30,#voucher
6df674fd09d933a85574460e32a94e23,2,1,66,#credit_card
5795989efabaace15f06689b3ab3c4c1,1,1,29,#credit_card
440b07cde0dc78d377c42d29845bcafd,1,1,38,#credit_card
adc2f0c9fd838d820339f8220c1adf08,1,2,30,#voucher
ad6137b47c7f7c1c621f4de13c3d5bc9,2,1,146,#credit_card
f6e638ae1f17003aac1cb6dc6a93ba73,1,1,80,#credit_card
c8f8f9f5df7a6ce2beaa9de85fbf8ca1,5,1,108,#credit_card
1dfbde97fe9eccbac2db9ab2f3d45a9b,6,1,349,#credit_card
6760e20addcf0121e9d58f2f1ff14298,6,1,89,#credit_card
ac3143c0b6db91dd3ca4ab4d8a8243eb,4,1,954,#credit_card
68051b9b65c4b30fc1252a2b69fe1d0b,6,1,126,#credit_card
8a170c32858870f69d7a3477fcca9a4b,3,1,64,#credit_card
242bc9216a7d8514ba8d435a96d63c3d,1,1,128,#boleto
cbe9e2376e5d8de3c057ed58a638403d,1,1,62,#credit_card
fe36a827e3e9e0a6f5e11b0be2055727,5,1,56,#credit_card
a5fbd128ce1d7a0a314bb56704e0b4cf,7,1,146,#credit_card
3be1b5820b7f93acc617a3b680f37c91,5,1,350,#credit_card
5ad7d897998f9bab0176a1c82b7437ea,1,1,91,#credit_card
b79a7395d3911e77688dfe966105a683,1,1,109,#boleto
ef0beb334211d552bb4bbb9b43e60248,2,1,159,#credit_card
b616f638cd86d92c7cbd06cf7484ee34,1,1,21,#credit_card
a3670896f8c6f70396896223eb4ca8be,1,1,73,#boleto
33f3e269b872b41e5f90b01a92d454eb,3,1,544,#credit_card
6a26bd1a037993f1205073dbeda67db4,2,1,67,#credit_card
c3fa73017c4a172907d79669eda248d0,6,1,139,#credit_card
45da19cff07c4148ba32b1a6bb8d87c1,1,1,127,#boleto
af045d3e5d7082db57d5b5dde3c0c97b,1,1,41,#credit_card
ede510a059fd07ccec20bff19a227fa3,1,1,203,#boleto
b4d7995506859f96187970c8275ee66c,8,1,540,#credit_card
b9a8d194c52bcb022997d990bd402f7e,1,1,369,#boleto
fa9ef315051f18a68686aca274ae8f2a,4,1,108,#credit_card
94d2de9ad08d15bd3e714a984bd09bcb,10,1,387,#credit_card
7711d25c50cf5322589706aaf0458117,10,1,107,#credit_card
cf9d814ad8673ebdaec52528c1f7a7ca,2,1,101,#credit_card
0930df388b21f34fc3f0e3baa9a73016,1,1,26,#credit_card
cbb39c59f8084f27c248bd5c3a1cde7b,1,1,244,#boleto
0705d1148d3c3d342f1a8c8ad33e5d3f,10,1,118,#credit_card
415c8cb8b60f8371900c2abb3ce6a0c3,3,1,171,#credit_card
35d75af8e37e575e033ae1a48c1236ed,10,1,202,#credit_card
81c2a9cc7a5d970fa1cb04443002088b,1,1,73,#boleto
cb666a5ed3eec739fae136c3da8552c7,4,1,265,#credit_card
7a415e8280c3ae4d608481124c4f5d62,1,1,69,#credit_card
bdd49e833a618b2e10096e4bd5725977,1,1,55,#boleto
8543d2d86c69647af5e2d957c3d21b85,2,1,93,#credit_card
e8f9288c671277ab525571871aef27cd,3,1,36,#credit_card
38006c12e16c03c74e2eb3113e238e5f,1,1,18,#credit_card
725bd1c01a213e4ac7999d74cc9da874,1,1,58,#credit_card
20aa4f85b1ed8d98e5c742c1a003db9c,1,2,50,#voucher
e11fec6c25945565c1ef4f14fc3c03b7,10,1,1996,#credit_card
30f54cfb85a2cf596ee5b7a589d3ffa0,3,1,130,#credit_card
604b550c04e61700ab7bcb2ac5b5ca53,1,1,710,#boleto
8a0ecc540156c0f21f25d7bfd4e95dbe,1,1,68,#credit_card
cc80504e2db2b7b744e2bfe2450c95d3,5,1,60,#credit_card
91f377dafe157043ee827b080a27e3f5,5,1,372,#credit_card
c75886866a89a0c9a04fbcd4699f3772,10,1,668,#credit_card
fa625c35a56d989b379939bae9bc9b2a,1,1,64,#credit_card
61792c6272346d7f4b7c5b1747df7b1a,4,1,49,#credit_card
0913c46b1cafecb52e5a9a55b6c0e0fc,1,1,147,#boleto
65bbd0719855fe808bb19f62dfa9f42c,1,1,355,#credit_card
46c7c115d719ca780eebedf719fbd4e1,4,1,60,#credit_card
83c55d64c56ad16ba3c0f7858cd709d0,8,1,409,#credit_card
e899327a5964f4d29698667a231e6b9d,5,1,52,#credit_card
5ff78652a040431e007c9349249d3503,2,1,386,#credit_card
9bfe486cba6ba9af52af7bfe86ff9859,2,1,70,#credit_card
8be031b84394ed99ee85be1985019058,1,1,22,#credit_card
ac0da888b1077d0f40b33eea6de6297e,1,1,52,#credit_card
ebee038c5993647eb1defc78207cd187,1,1,114,#credit_card
c596d8640962b115481b374c7b881f6a,2,1,163,#credit_card
394eefeb1d359eb230a22ba3bd68f072,1,1,173,#credit_card
cccb62677b6ed93ec68f4428a0ad81ee,7,1,82,#credit_card
b249bb5bc00cfbe2ce917a5a07c72b46,2,1,152,#credit_card
c5bb91ea2129a21a4f424d356a4d28fa,4,1,244,#credit_card
fd26702a3f7ee5d86580de591ff53e3f,1,1,56,#boleto
22420f3718ef75dcddb4f03201096895,4,1,45,#credit_card
019bdbaef5b5121c9b1811976aa510a5,1,1,109,#boleto
e3c6bf3aad3a42c48ae9619ac88d0b3d,4,1,65,#credit_card
aa4f33b236ebf41f573308022ef7496b,8,1,194,#credit_card
ff5b7f440481674b38554434638beebf,1,1,111,#boleto
968ce3e13bbc09dc91d26a2f0208d99d,5,1,201,#credit_card
31026c762ccd760199ad552ea17e0269,1,1,42,#credit_card
d74283a9b897322afe09916280aca43f,1,1,54,#credit_card
c453fb0ec44f618a32abcad5c873d06f,3,1,78,#credit_card
189ede25eb8522abcbd3592d08811f85,1,1,280,#boleto
17b18aa0bfdcebddefdf2d7da5718181,5,1,101,#credit_card
828c3114b783f896fba059433600c471,1,1,78,#credit_card
fcf62e3aab276898567e4ab7e973417f,4,1,60,#credit_card
a6afa7362f8ec053b0b61cdc8f1c8b25,1,1,48,#boleto
940d83f3286808e4f8b1a7ac975b2aa9,1,1,76,#boleto
238bcd7a2027e5f32fd185c264d73786,2,1,85,#credit_card
3d7fb1dd6ff6f0eedb9976eda81e4a95,1,2,20,#voucher
0f090dd2d83a9d755108584313c8208d,4,1,48,#credit_card
60bcba6747ee878b9007f61275f4cd1f,1,1,265,#debit_card
0ec392fc56b5d2e7e4279c19c51b6460,5,1,128,#credit_card
96068d351a84dcea0b929884876e4fae,2,1,129,#credit_card
c2f065051bb7c9e7f88ebc998f332968,3,1,37,#credit_card
8cc7ecd8057b154fb9227536dba2ce24,5,1,150,#credit_card
1fce50c1831b6809773e5020edc716e2,2,1,36,#credit_card
3fbb598da3d544e640039c789df239b7,4,1,198,#credit_card
f8aa20752115b536eacee3d561989f35,5,1,112,#credit_card
5accb23a030458bbfb5eb669903f05b7,1,1,35,#credit_card
689e8820798347950a2649f71c734bd0,6,1,190,#credit_card
503ede67b27bbb1c7dca67c00af403a5,2,1,229,#credit_card
87276b621cf05e7f2afee8be6c9721b6,8,1,314,#credit_card
34dedd5cb5e0f12df565171392540a8f,1,1,22,#credit_card
bea175d990526fa16d7d6d5ea071d065,8,1,257,#credit_card
89ce68f38090867719b22774f8bf5861,6,1,163,#credit_card
276971787e4550d908a7306c2fe79da3,1,1,51,#boleto
0b3d8a1bbaa4e340e25adfd640f70308,12,1,190,#credit_card
fb4c1eeef06c08acb4e63c9091ab5c6b,7,1,374,#credit_card
9378b5fa3133e86bb44a365e66c24b03,5,1,53,#credit_card
952241c48f34d58c23ca57964d413834,2,1,88,#credit_card
93de8241002c099c87029b0362e5c0c9,1,2,26,#voucher
0a629239073738043764cd721c8ab2da,1,1,47,#credit_card
332e264249f30a888b81bffd7a84e03c,1,1,131,#boleto
5b2e70f861de8953b06ea667adc2eb4e,3,1,259,#credit_card
4f037f852cf9b1a96760775d55221c33,1,1,84,#credit_card
1314353395f7148ba64400eab34bb50c,10,1,157,#credit_card
1d5912d4e665fb2a085a50fc13007c02,1,1,70,#boleto
ae544ab4fdaa9ad26ce17423e88b8702,1,1,48,#boleto
6e8e751584b3e3141e3e3c39f71408c2,6,1,187,#credit_card
290069e93a387bceb35f0106717ab803,3,1,70,#credit_card
88a82da4cb2eb4723c9965285fe826c9,1,2,25,#voucher
33c011fdacf02b14181fcd81f4b5ece0,2,1,162,#credit_card
0cc14454cb400b7b154e0a45ffd5c2f9,1,1,57,#credit_card
14d113827939e9deace0b2afb528f1bb,1,1,155,#credit_card
8d6ed3e982e12a1684b31540309e044b,4,1,237,#credit_card
474c0bedc28c30c7568c589c047b75bb,1,1,103,#credit_card
d73f657ce49ec301ac81116e74bd0571,3,1,65,#credit_card
f0ea851516ffb7fbea588f7d200e3d43,1,1,94,#boleto
01e6f40a293da5a9dc11e49695c7541d,1,1,64,#boleto
6eab6f37ff2d390d23be84642739b500,5,1,279,#credit_card
3d40c6056f68e49782a7c576c8b57e3d,5,1,205,#credit_card
d82255dd8d216b8577f8f2527ce817a1,4,1,90,#credit_card
d2cb7c100806e87a227d413e9157cb76,1,1,75,#boleto
7b88910a9e8c55290806a85af1b796a6,4,1,63,#credit_card
c1219b88f5d48e3d0dd3229cbd88a722,1,1,1,#credit_card
9c5bfba7de6a4abbb6ba0baab78d1622,10,1,231,#credit_card
d4a27413b758ce1cea90d005252591f9,1,1,42,#boleto
e43a8e7bb3db31ab15c10dfc9ef4e419,4,1,69,#credit_card
85be7c94bcd3f908fc877157ee21f755,1,1,73,#credit_card
d9b53f70b57a028c32d88455dda31547,2,1,24,#credit_card
933cae52f81a96867c679e5251c0a7c5,5,1,88,#credit_card
b308154c76f89d8c52b41f7c8480d107,7,1,72,#credit_card
6519cf54b544974af32f148f9087f86c,2,1,81,#credit_card
21b966a378471db65c18fa4ca20d6800,2,1,133,#credit_card
caa275ffe24eb1662c6e22a43e200622,7,1,394,#credit_card
08bc5baa3da6ce0746413cd9cf227e9e,2,1,166,#credit_card
1d6efdc47fc22d96340ff4b18566ef54,2,1,98,#credit_card
ac14a1a3d8c2b071a150eb2990b5ecd8,2,1,50,#credit_card
f6879e8e12a44ceb4c422c23489a029d,8,1,181,#credit_card
c39da54f19d2aa7b89667e4817f05629,4,1,41,#credit_card
28156e3f154f44bf5cb8c3ee9978d332,1,1,72,#debit_card
dd3d73f70b77e2a07f64360620621ca4,5,1,263,#credit_card
a03080d29751000dd3e2eab48835af82,3,1,62,#credit_card
09c681e9069e20d7f2ecd587151f1b88,5,1,312,#credit_card
69796e4e03edbf9c0f49c76d4ebadb77,1,1,93,#debit_card
b62880756e815882264069601458b5b1,1,1,100,#boleto
9389b64e7d922e3b0c30f8026e418e64,4,1,125,#credit_card
5d5b8c94e2bc6b963da5af8a4b02bf08,1,1,81,#boleto
e6e5431f5c825cde6802af0f30bd8eaf,2,1,373,#credit_card
92f4f749aa508d58dee50d9ccdb6c9dd,3,1,62,#credit_card
4f22cd3d78d124f7ac060a3171493ef4,1,1,36,#debit_card
5fcbedfee2eec6f8ecdcac610148b4c3,2,1,29,#credit_card
6c949e670b5d33dc8fb8ad25b6da4860,10,1,102,#credit_card
175ba47aad2d017d2495c66b763a7df6,3,1,130,#credit_card
28ff0422d12a02fb62ae4c9f9e9317f3,5,1,69,#credit_card
f0ffbaf1fe35a4a0565b047824341bc3,1,1,86,#credit_card
1662797f04736ea5acb5de67d5672fcc,1,1,74,#credit_card
aa7565b87e9b5f1ecf8b8ea7f745899c,7,1,71,#credit_card
ad2b9f8531232554f31be87d5ea9da10,3,1,199,#credit_card
9b871ac52352fe5c58010cad01550b6c,3,1,340,#credit_card
20c75d31d2151bf4e0b8b398e64fb163,4,1,49,#credit_card
2f54d4ac9b0df5774cfa7c1250c4750a,2,1,28,#credit_card
efc0a4486f951c342875c6ffdeca315a,1,1,60,#voucher
2b3ec451746cbc17ebae5c0b8fc74406,1,1,166,#credit_card
4862027da7986ac571a0bd91458ec358,1,1,51,#boleto
774b04fe6502917d1952476fd1f3dd60,1,1,68,#credit_card
93b63d0bd99c903fae0f7a00b72b507c,3,1,164,#credit_card
d2b0a763647d885d0d3db2ee534ec02a,1,1,79,#boleto
470e4a0aae7ae6c3bb0aa161b7abf205,1,1,94,#boleto
41c7307fb0238baabade48573331cb55,2,1,60,#credit_card
141d3bf5aa7128f40bf2a60cef620b93,3,1,159,#credit_card
4b918a356d581c76170acb5f5644e79f,9,1,93,#credit_card
9da388551ea23281b9bb4cbf12376992,4,1,43,#credit_card
92295e7114a22f7180b04673e44cda17,8,1,454,#credit_card
ca376f8f4042e61688af8cfd32d4e80e,3,1,234,#credit_card
d1c60fd7acd42b1d2e2aecfeff348b23,2,1,68,#credit_card
aa04ee4542e835a3e6f4da876dc654c6,1,1,19,#credit_card
66866953330f81976a2adcd51f603560,3,1,143,#credit_card
de24995591633aa90ba93afa013ece1e,4,1,113,#credit_card
73eedc4ca4a789813a63fe30856c805f,1,1,86,#boleto
984cefe3260707e1f6fc38b18b2b276c,4,1,102,#credit_card
44f9bb85e9dfb3f106dd017fbd8b8006,3,1,134,#credit_card
63003bf6e2058e236f3f9ebb2872b234,1,1,112,#credit_card
4277cdb7e2125bf7bebcd908168f90cb,1,1,71,#credit_card
a1092ad981e90f68879726e1c2c0fd63,7,1,78,#credit_card
8f9b2d4a6cd80dc716a380365561a133,1,1,197,#credit_card
abb045c9c602e1ea87376929b298b52e,1,1,93,#credit_card
e4e0b1913652739070617b6a336a6ca5,1,1,45,#boleto
71749baed4a3e47f47aecfced7c70ec2,1,1,26,#credit_card
d3454c86a9d5b5a519364756eea7e275,1,1,149,#debit_card
dc70f94b8e8d37fbd4fbc0e31a008175,4,1,106,#credit_card
de1f470a407aead094cd885293ea9ba1,8,1,247,#credit_card
64e64a4dd77d71d6bc307f24af1e55ac,1,1,22,#credit_card
ccb78ed7a1acba9d251c8626f13097f5,3,1,57,#credit_card
54b73f808b0ff25da4276773c30ac269,4,1,105,#credit_card
6ad99bac95eceb8ee72b78585c5baf88,8,1,204,#credit_card
3e47a8cc66024053901d7313a7d2a0b7,2,1,330,#credit_card
a9096f7f0b61e8a65ae29ece51a43d03,1,1,109,#boleto
16e62e9da7d33d61b6f26ccf68bc962c,1,1,416,#boleto
73716792079a3819a7022fdf6500f9fb,10,1,314,#credit_card
e6dfc4ce09d6557361948d3648ccb670,1,1,206,#credit_card
8065c72fce26b871dcba7ef49bebfa48,1,1,28,#credit_card
6d0da5add693d625079fa8fdf40967d6,1,1,19,#boleto
0dd13170e2f12871b1e007e5fcf6e944,2,1,121,#credit_card
c283d7942d2bbca2c27a9c15ee2a390e,1,1,207,#credit_card
9e685885967d3152a558f94a355e3b6f,1,1,142,#credit_card
a1f7a3803f5afa1b25182cbc0b2c38be,1,1,73,#boleto
069872f35a2ed2d455f9b64e914dd4bd,1,1,73,#credit_card
d6dae36830ffe3962efff0e91cc64127,1,1,86,#credit_card
0fe66ba925b98652d484ad6af89402e7,1,1,230,#boleto
83f897bfa5b1f95356e8c9a33679cb49,1,1,206,#boleto
92e3a3bff7261e031fc2901b229ce73a,1,1,213,#boleto
9b6a1b8bf017b64d6ff4d7fe7cd88f1f,1,1,95,#credit_card
816b15129b14c066ff4f5755938aefb0,1,1,126,#boleto
fbbc0a864330509c41ca4b4f0ff9b780,1,2,140,#voucher
209addb62d4e3c8c3e8b364d841b4d58,1,1,69,#credit_card
35d71bd32993bd9959f7eefe1a5a0f4a,2,1,88,#credit_card
b790fce1eff8be3c9ff35c97cde2afaa,10,1,305,#credit_card
05c5f6468206cec16a8c99f231bbbe86,5,1,162,#credit_card
2e69eb402e990dd7df2f12806dc38a4a,1,1,88,#debit_card
f8b1f5bc1c01359c4cc4e611c257ff2b,3,1,93,#credit_card
18feb354fd368bc9d6cd27c5359e2243,1,1,43,#credit_card
f5b3d7bf340b33e9fac5e7f314525614,2,1,116,#credit_card
4fbf4b4d08900c34f81e01ace9d3f294,1,1,64,#boleto
d75cb3755738c4ae466303358f97bc55,1,1,38,#boleto
ee482a8248d67e42aa1105d14a941a47,2,1,151,#credit_card
347610961383f5990e1d0ce3fd0afa5a,6,1,314,#credit_card
7f058780efeab68414ecad1c0c43d0c0,8,1,396,#credit_card
900fac51d850dfc38fceb9c413441c67,1,2,98,#debit_card
a83755325957c8eed972dc614210922e,1,1,121,#credit_card
407408433ee2a9ed77984aa5a06e2b2e,1,1,76,#credit_card
f41fbf3e30f0f79822348910ca2009f2,1,1,104,#credit_card
874a7690bc049bd4ce210d195bdfff7b,1,1,106,#credit_card
c3efd4a2e8fb35fdc26a1312de8e2ca2,3,1,110,#credit_card
a65211639143a90d6cb4116d808b1823,1,1,731,#boleto
291036f4304c5fb0dc3965044f4a4605,4,1,129,#credit_card
84e18f4b5b541150af97e94f3cc0b2a7,8,1,82,#credit_card
7c95572fd6e7e0ab8b88b00fd8c70716,1,1,53,#boleto
d85a98bb9881eb52e0efa5e9ddece3eb,3,1,62,#credit_card
48ab980d180764382cfa411d2fb63dc0,1,1,87,#boleto
2760fc9dd1ab8d8e9269d4d9f7ee48f6,1,1,45,#credit_card
2299befc86b7b31fc23dcba911582355,1,1,26,#credit_card
0fa927b252421189a0e0d5725fb3832d,1,2,104,#voucher
197be0df90e5b459a14669e32c8ce1ff,6,1,114,#credit_card
531752ff49fa411d865ecde8cce5c7ee,2,1,58,#credit_card
c137d955d66546c460453c13ce560ad4,1,1,124,#credit_card
0d4bf86877b0763d194d50ca6a136bf9,3,1,64,#credit_card
906f47e5cb0a80530bf2e789e6e6a0cd,10,1,180,#credit_card
219fda9e83f9a3ac8e1baa10d6cc6366,1,1,40,#boleto
065fb1ee0ec59ea0a68b3105a59a69ce,5,1,104,#credit_card
d253842de8c5d6f95feebe80f6f6995e,8,1,308,#credit_card
5a409b9e0ab85bdafd5a5b75f4571b7a,2,1,31,#credit_card
7056ed3b6f11b379db7915d1f6a69ad9,1,1,38,#credit_card
e3c4a1f61400e7db82ae759cacedc9a3,1,1,52,#voucher
067a8c6d7efd34e3595ef4bf1500c766,1,1,35,#credit_card
49549ed2d115e970bfb52d517fe0e91f,8,1,186,#credit_card
dfa57a47eb4b524966a891189c893d04,4,1,100,#credit_card
5fd03333c4c020a7eff08e6ef26ef8cf,4,1,216,#credit_card
c627fe35fce1a754bc5b812d0b8ff379,3,1,206,#credit_card
ba7243ecb3b63c80579ba1d4c34e277c,1,1,55,#boleto
c943bc78c323d9a46208210c587c2ce4,1,1,21,#credit_card
6d60fdb8565707824a98431255d3183a,1,1,26,#credit_card
73ffc7dbf151bdb28ff40c4206968803,1,1,128,#credit_card
3f4870bf4008a2351a4855a865c454c7,10,1,223,#credit_card
90932f88aac7cb89b8de1b8635b6d393,2,1,56,#credit_card
1857ec1a182661136fe7584592437d51,1,1,567,#boleto
52fe09ed9b59f3ee4be7b74b990d13bd,2,1,39,#credit_card
12ab522eccaca7c7be0e20ef475ea423,6,1,149,#credit_card
a10e6749400b3ea4a674cec3fd3a9605,4,1,64,#credit_card
3ef8344e342218131639ab03da0189cc,3,1,151,#credit_card
174fb39de9de15c80ea4076ba0cb6c83,1,1,94,#boleto
c8584f2a0bdbf0ac38e859a8f7744039,2,1,71,#credit_card
539a1383b0bd9b963044945e607f1aca,3,1,188,#credit_card
9b790ca446b8e28ce5e4382959f6b7df,2,1,257,#credit_card
82ee69216f11b23e2d21d2796e079366,4,1,693,#credit_card
bd0f032970584aa4a5b78947cb63e455,8,1,181,#credit_card
81bee7ecbeae8e9b41bef6d41b146b12,1,1,202,#boleto
a45007bebe435ae6fb3637ede777476e,3,1,164,#credit_card
5256aac1d939c4bbc931cc7c1c78a419,10,1,137,#credit_card
9c54a1816e487456bb7eb5082b9823ff,1,1,2,#credit_card
048cc31326007f07b576b46beddecc12,1,1,273,#boleto
6ad6a8701a498c74450b0876eda2ecb9,4,1,87,#credit_card
68986e4324f6a21481df4e6e89abcf01,1,5,17,#voucher
774189d7c5cbddd496b190c3c0f9de56,4,1,234,#credit_card
4c217e3cc24f803307dea7d619377def,1,1,86,#boleto
36963a629da6c57d926df8f37a9e63a9,1,1,33,#boleto
37193e64eb9a46b7f3197762f242b20a,1,1,11,#credit_card
ecdaf77dd1a8f3bbb92d88b14869b2f9,4,1,84,#credit_card
4c17c523dc7daa9cfdfb327f119179a4,1,1,43,#boleto
4197f94f8bddd171804b1360fa78d368,1,1,48,#credit_card
15d2ed1b88ca436faafb7d7236dea795,1,1,76,#boleto
a8ff452116db2ff4a2963f490afe5471,1,1,104,#boleto
4495f1b55b727a6ca639505afc688e17,1,1,70,#credit_card
2f9892eb8df4a437d90cc5b1486f3b02,3,1,121,#credit_card
f6cc5ac0be9196f2fb3db04bace5cd8b,7,1,239,#credit_card
e1edd95bfd88243a6d6b774d8aefe535,4,1,182,#credit_card
a1431d521cd6c63636bd85cdad970498,2,1,135,#credit_card
972c2e78e9af23a750a48184aadfca4d,3,1,51,#credit_card
360787554f41824600bdcba9687cd4f0,3,1,1783,#credit_card
b0cc2434ee3727e682222a0f745a5948,3,1,145,#credit_card
f75517cfb973c21eab8559a870263794,10,1,231,#credit_card
d022bdad33a575ca5edb8c4d51e44310,1,1,70,#boleto
d1ea13fc1406243e6f6134582bf1bbc5,10,1,1433,#credit_card
43b2b04bc7aba79e72acb260d116466b,1,1,45,#voucher
3bfd863aeb764ee13e7a3909ca8be2a5,1,2,50,#voucher
4f54cd2c8e8986790a962e3657390e1d,1,1,64,#credit_card
c51937c0ea3f397cbf08be8fbdce3730,6,1,148,#credit_card
9bb824ec73ee38dbbc585f3bba4b34ac,1,1,172,#credit_card
b8188e1985fbf9e2b94e3a0b64d58074,3,1,86,#credit_card
3f72f100dae2b5099ad6e5a486e95ec0,1,1,23,#debit_card
5600c1fabd9c27cf4dc4a3aaf57a8e29,2,1,58,#credit_card
b9a089706e16d5490f7a2feb363e32e9,1,1,149,#boleto
5979684d63c8a62e550943dacdd1231c,1,1,45,#credit_card
8d0b3f3857cad208492c3819a7a00d19,2,1,153,#credit_card
869e47849cdcd2a24f33ab52accd0e89,8,1,83,#credit_card
6902f0d9d7309f56f50b8713c3b6a4de,1,1,67,#boleto
701784c754c8ac2e2a73dbbe7dc3a363,1,1,53,#boleto
2c9d0e7a53245b11b39d47e84b3d7ac9,5,1,106,#credit_card
0132158c30672a8c52997a2492613ec2,8,1,413,#credit_card
460bbd1de438f2781234032226e45461,3,1,112,#credit_card
9b92d4432c1758cd4215f3fdb1d623a3,4,1,186,#credit_card
d6b7fe0100a5ed0711d0682fc1ed7819,3,1,165,#credit_card
d289934bddf878e1cac62c95c8ee5402,3,1,49,#credit_card
fe87d4b944748f63ca5ed22cc55b6fb6,1,1,174,#debit_card
394959298025bc7fba4b9a6818907cfc,2,1,205,#credit_card
fb8d6e92e3a08fe6485d4fb08d23ae0e,1,1,21,#credit_card
9c0bd8cd0fc8231ed50c066058917360,2,1,133,#credit_card
f947132461622a725c4661c580ab80da,1,1,36,#credit_card
ee00fa5093eb96d8573403b382fb60a8,1,1,66,#boleto
a38d122ad3e07ca8d13e4a42059b98d2,1,1,162,#boleto
ec89f64fa61a8186f474cf0a903fc4fa,1,1,28,#credit_card
2c283d6fe3628e20caec652ad3703c7e,1,1,91,#credit_card
cf014dc8804713618176fc95af41b221,1,2,82,#voucher
88889b5ed13afaedce4894ebf3cb6f46,2,1,168,#credit_card
2f92b812fd7c7df5b629833c484cdf1d,1,1,61,#credit_card
270f00466aae4f41f010eaba2da31425,2,1,60,#credit_card
d790743eff8a57ec6b1bd64865b8c60f,3,1,39,#credit_card
8616397296bf3ac1cc07c21a5c457894,3,1,40,#credit_card
ccdb48549002b54a62ba6d41ee492980,2,1,64,#credit_card
6de0a6791e7af4ed0514498e5100370b,4,1,187,#credit_card
9c440fc86e36452b4288efbf2d65dcf5,2,1,43,#credit_card
8d3a0426fb1b51bacd3297517f48b0ae,1,1,59,#credit_card
8effe67a72c715f926a6dc1a616a5ea9,3,1,34,#credit_card
56430e0b9968b381942760e433583b27,1,1,33,#debit_card
493c6b85f2b1911ffe31be7e8c2839c3,1,1,148,#voucher
6ea6f5d85441b7bfcccbc44e082d02e3,2,1,190,#credit_card
1634d04100d187e0f985f2eb2909cba1,5,1,105,#credit_card
94cbbe30434a51f71837965608aa41e1,1,1,69,#boleto
6eb1728e88c8db6cd1846dc95eb80572,1,1,85,#voucher
132f1e724165a07f6362532bfb97486e,5,1,179,#credit_card
ca29aec188eb04a764fce98c6f69232c,1,1,168,#credit_card
9e8d7ab8137bcd3cfeac577dddf35592,1,2,100,#voucher
12788af294f51dd5ba2aaed208a45969,1,1,78,#credit_card
b0b61472cd1ff0e9f1450c6ae4c8d5a4,1,1,99,#credit_card
63c5f492ab4ee6c249acbb4cff61ae3f,1,1,408,#credit_card
8ca5bdac5ebe8f2d6fc9171d5ebc906a,1,3,15,#voucher
6c98fa39891b33399785aeac3d7ee926,2,1,424,#credit_card
25d919c7187a3f82b5437023a5e98e46,3,1,157,#credit_card
7dbdda97c8aa87c003f73602c45e4f90,4,1,162,#credit_card
88c9df242e26c36482168acfc3d250dc,8,1,189,#credit_card
6bf0f652ea13e6773172c1899a925bb4,1,1,65,#credit_card
99e34b586d1fa26ea713021ff647d18d,1,1,39,#credit_card
c74e4862507efb811471cd922e6f3529,5,1,365,#credit_card
710770cfb61b2c43a091ab2c7b89a921,6,1,65,#credit_card
73c21d26eefa3d24be02a149b9e69017,10,1,188,#credit_card
df339f81c46dc0bf186cb6307d7cdb6a,1,1,35,#boleto
6eea8cd99d26a8bbdf39d5289e4e7601,10,1,591,#credit_card
3ca411651463b3a30f194126a1d6fda6,1,1,37,#boleto
1475652ad485c6469bd02393c70fdaa9,2,1,82,#credit_card
8c53283eca3bc0e603a48f2b8725e96f,1,1,18,#credit_card
3615e42c9ff6c0d9bb86e14c6670d965,1,1,109,#boleto
205587440f824c5e5d7bc3bccb63aa15,10,1,570,#credit_card
cf4eff954b06c19d96be7d6792a1da3c,4,1,48,#credit_card
a6e963c11e80432334e984ead4797a8b,2,1,63,#credit_card
5718fc130d653929872f0481438d3f66,1,1,39,#boleto
ac033ca6c43caa50310de844a7868c8e,1,1,74,#boleto
f03c93c7441f0edaa7987c4313467110,1,1,67,#boleto
524ea0422eabccf15e4af385f6b153d6,1,1,37,#credit_card
dbcb89699a4736bcef1373eb9d8ae5d1,5,1,273,#credit_card
6365be88d51d66dbac002c738a56bae9,1,1,64,#credit_card
262509218257310f675994ae58ffbfa9,1,1,49,#boleto
67976860fdf683e7bdb13c4f907a982e,7,1,164,#credit_card
1295db8c216f7ff7a2c02a66b4cb5d5e,6,1,444,#credit_card
2d824bac66ec7467745b2defcee22c1e,6,1,165,#credit_card
e41e5861711a10524b80a63d022ae776,10,1,1181,#credit_card
d21873cfa21e689e4dbfd43a99326424,1,1,707,#credit_card
4a686b47e7eecbd136617bf8ae7c9af4,1,2,20,#voucher
76c025e93388599ae9e136363ee1c00b,1,1,136,#credit_card
30bf87367ed2e63f68bfb5aacdae279b,1,1,57,#credit_card
081e5884f403fbe66f3bce77c72c9230,1,1,44,#credit_card
aa4cb17e191453bc29e2d1f67f38a4ab,4,1,48,#credit_card
76978d31d8e911d947c1c80c193e116d,1,1,77,#credit_card
0b365bbd59e2f75bea276c81bb916dcb,1,1,3,#credit_card
6e60346a3ee3876c1e4bc89c597ffcb8,2,1,124,#credit_card
c1d8546e6ed294dea3203910c9b0e7b5,1,1,128,#boleto
055f84fd2ebf314ebec85f8e1312f4f4,2,1,186,#credit_card
3d965a3a3a9aae822a8f40ddf0184df1,1,1,86,#credit_card
42ee4f991900767ba353278c7c4f4df3,1,1,150,#credit_card
ceddc11f4f78257d0fa6750091d378b4,1,1,32,#credit_card
7b8ad11294a3f23e9695000ab5f07a42,1,1,23,#credit_card
b9d5bea267e1dd6838786cc12ba40ceb,1,1,99,#credit_card
de43e0e00259ee7b44c7a11e9b5d114f,8,1,124,#credit_card
3c608a571543f2f2b96f2e6cb3a2d10a,6,1,192,#credit_card
3ac963599c50b9beedbcebb47eb33af9,2,1,123,#credit_card
f53fa17609006c9c6669b5371ce08044,1,1,26,#credit_card
d1e7343d9fea35ce6330478c84f0fb7f,2,1,71,#credit_card
8edc3a87d7a72e4350d65c9e1c613089,1,1,154,#credit_card
6b64cb311a0d5baa18bc37ead02d657c,1,1,56,#credit_card
c124b224a2727ecb4e7c9a378a936d0d,6,1,86,#credit_card
64c9c64b12678438c07b5ec6cc785976,1,1,33,#credit_card
79e5ae80172f5697f2402439382f2d77,10,1,360,#credit_card
90024aa5d3878db3667cb0ece7f1aa08,10,1,105,#credit_card
f44117f1303c4e6573d463bdedff85de,3,1,115,#credit_card
7db5f2eb8f5f54db9f9e71ba4296bcbf,1,2,0,#voucher
375d01d18f644eb19328130122fcc9ef,1,1,66,#credit_card
7699e05f3c451052397a0248cf24a821,3,1,89,#credit_card
068ef03abe39323450b52f486b34bf3d,1,1,77,#credit_card
edf2c3d6395a7bf3fb1f35a9e919a88a,10,1,681,#credit_card
816ccd9d21435796e8ffa9802b2a782f,1,5,28,#voucher
33ce126846ecce9afdfe8f1b93551928,2,1,62,#credit_card
cc69435b3a477ca3247cc9811da7f589,1,1,41,#credit_card
6b56339f54b8363a200c6814ae732846,2,1,149,#credit_card
f8c6dd2b68a916d939d46cb98af8fc49,7,1,76,#credit_card
44c5dae14c55309b097d6c510ef1a986,4,1,357,#credit_card
6893c7e3a051e9d94a2bed6777355f2d,2,1,166,#credit_card
54066aeaaf3ac32e7bb6e45aa3bf65e4,2,1,61,#credit_card
d10d28ad0c77f6e4e64642c7069a9f80,1,1,43,#credit_card
1c79b6d729e3237f640dcf981b468fe8,2,1,41,#credit_card
e22da8f5aa7c1414020c647664a8483b,1,1,85,#credit_card
e6a66a8350bb88497954d37688ab123e,1,4,8,#voucher
5a359fd847978055438c2563b425d343,3,1,192,#credit_card
9dece38ba34c2b0050efef28e85d7bde,1,1,33,#credit_card
c9677a4babf96837ee697317b7963a92,1,1,33,#boleto
5cfaa2e60887ab4aed7d4e637efe2156,5,1,51,#credit_card
4c1cb7f4baf46ea807d4e65bc0494dba,3,1,37,#credit_card
482df43f85d48add2d83b40f3737062d,1,1,70,#credit_card
f057e285395efbc0c032cf9e4ccfd146,1,1,38,#credit_card
4eecbfcab9ec27fad7e24ac94f9a032b,1,1,197,#boleto
5429402f55e24651d38a030602f4b50c,1,1,47,#boleto
cc58d2040605eaadced18735aef5bbb0,10,1,367,#credit_card
aab0a15c4d4fd11c8b5c5827d567f202,4,1,195,#credit_card
a0f3677ac2cfd35a8d76f4a26fb29a95,7,1,145,#credit_card
69ab7fdbd887d055b05826a8cc5591d7,1,1,29,#boleto
0ad81eec70d65880c30299b73ac7945d,1,1,161,#boleto
fc6e9a6cd6985d3d454cccfdfdf66931,1,2,104,#voucher
88222a046146c4aab763e90b35ab4799,1,1,10,#credit_card
580b08c73a274ac48d8e8c24d6364f2d,1,1,32,#credit_card
de87be44e83ebc323acd6d4caec3ca57,5,1,116,#credit_card
6f393015477564624446a2b4c948c0f0,4,1,40,#credit_card
1d50a1ce4cf6a22155891f66fb4117b0,1,1,67,#boleto
276c36d0f0218b24c09343edf53cb98f,1,1,17,#voucher
750ed62dff96bf5713b8c6a6bbfdc948,1,1,190,#boleto
b667484df2bb8bef1e61788f1c7556f5,1,1,170,#boleto
cb5c4ea12e93c16a94c2bf3dbafa0fe1,2,1,51,#credit_card
6e2b63d5084b319e8d72270b7882e119,1,1,134,#credit_card
c9721963d4b95316401d2d75621f353c,1,1,543,#boleto
af090d1b9b5c1f684bc6a48f6525e97c,2,1,43,#credit_card
8a08c6b7d01513f42c76604beded88c8,2,1,161,#credit_card
2dd8a69d1eb8ea62bdddc073c4e80ab1,1,1,73,#boleto
e2c195168dcfb7f5465c1b342ac094ee,1,1,1605,#boleto
be8ab651d9a385206918a02d21d0cc33,1,1,131,#boleto
4e27ad7f1a6821ceddc8442eb1875014,1,1,70,#credit_card
04031f8b12339dcc12fa340fe96f00a6,2,1,71,#credit_card
675d6533ed09bea158fd932431474b82,10,1,256,#credit_card
8ec26dd02af502c1a8210efc0bb02c0a,4,1,75,#credit_card
97d27b60de1ffde7559bfe762230851a,3,1,110,#credit_card
dc282855b102a2d5cffe41332d73c196,1,1,71,#credit_card
91e725244b1ed72249f35430530e8bcb,3,1,113,#credit_card
b34f86c59a76bef28aa32825ab4370f6,1,1,293,#credit_card
8ef3801f58da6b652a3082e1fa5b6589,2,1,129,#credit_card
44a9041df78170974aeb1d2084dfae29,7,1,178,#credit_card
2adb88df15a33d97f2990e59b1745820,1,1,27,#credit_card
9a99c1f97699ec839f7966eb7c7d5afa,1,1,141,#credit_card
f2ce3b8d9c16e475c92d3c2d51809cfe,1,1,23,#boleto
66c8dae0eb958ee945dc71efd0a99659,1,1,49,#credit_card
e08878ad70acad81d0e90f59e56ce9a6,1,1,85,#credit_card
ab77be4cf9bf132ca4d82049e786e528,1,1,111,#boleto
3307fa374be3286d440dcd94dd5d2831,1,1,42,#credit_card
6a2979d48eda14bfbe2d632638ae16a2,1,1,211,#credit_card
bf897dd4378248fd6947e04c4d434dce,4,1,43,#credit_card
2fd35ca971609b8f8f878d87262e6fbd,1,1,50,#boleto
90181a7780a0fa0a32d7449931661c2b,1,1,67,#credit_card
f29b2ca058a4371e9c8baaae26e7e1a3,4,1,47,#credit_card
8eb40d0d6303f8fe16dad09968248c6e,1,1,201,#credit_card
e95a9cf427d600b905017685d47e21cb,4,1,81,#credit_card
0c4c42e7e040dc423699b1d019b684e1,1,1,80,#boleto
20b44662cba0e4e87a3d794343c1076c,4,1,45,#credit_card
2bdd95b017c58f97f4e735116e778d28,1,1,250,#boleto
3663b949b55f8b8025f32210ab79cfc9,7,1,109,#credit_card
b6165efbad3f8539e365b9ae5a2f3c44,1,1,190,#credit_card
026a69b8c98fbfc61de9050c41f1dd95,3,1,135,#credit_card
25e8002575a945e8d4ae84ca208daa50,1,1,104,#boleto
5008e6358df7e92655ca078e3f41b8a6,3,1,184,#credit_card
2d609a52d61c0a90d5e88a143630bc7f,1,1,164,#boleto
6424ddd05ffee73de1df9f8f9d1bfc25,3,1,91,#credit_card
530ed5c74fd86562fe50456702b65599,7,1,129,#credit_card
0d80282817c88ed77c05a7e4f72dec4f,2,1,84,#credit_card
18045b4512947089463f5efbdaa3c341,1,1,58,#credit_card
ab23407c84b934f452124bc5b5453123,3,1,98,#credit_card
767db3d915db881b9f47ce8ac08daf63,1,1,54,#debit_card
943124300f49c04925947c81838ab67d,1,1,35,#boleto
cb161f108a2062a82651fe528b39ffa7,1,1,218,#boleto
8533051a3ddfba857f39aa28d5b7a8f1,1,1,68,#boleto
e7fbf44c317d9ac6b87b0330fed92f1b,1,1,41,#boleto
73612117a85e3e65d7ac69f7e5df1540,6,1,97,#credit_card
42ed2aeb956c92e3c3bb6933ecea1d89,6,1,159,#credit_card
dd6644d86c2b8177a9ae5f51bbf7b82a,1,1,167,#boleto
c659935fdc19ef6b13aa33fb990a2f81,1,2,50,#voucher
c1213e8146aaff37acf16bfef1789d75,2,1,93,#credit_card
363524b17966c3a64696d5a68c5f4d34,4,1,276,#credit_card
55eda25190659fb615a61fbbaa14013c,3,1,149,#credit_card
107f069fdb62a9cbe252b043323e4e32,2,1,175,#credit_card
347bf2a6f72b7c7650838aef5cd546be,1,1,144,#credit_card
15623f35d6d5eaa2fcd185a613927e86,1,1,132,#boleto
7cb67275a494651008ed5b1f0353ddce,1,1,89,#boleto
0588a3721b3d0a1f0b549fb84fd9cf10,1,1,109,#credit_card
2c9802d8dcf6a98e04bc7dc09cb33c65,1,1,63,#boleto
f258f1bbb090cc1a4c185540c7038332,8,1,353,#credit_card
cad2acef57f845758b7d0da4ee76a3e1,3,1,276,#credit_card
b0a2019225451e417b6cc92baef9fc8c,1,1,46,#boleto
46ac11dfb657fb82eed780478f2936c7,2,1,117,#credit_card
8e3ab8811f9c3a04413aa4e14f84b872,1,1,46,#boleto
cc779b75630b5b63955c7167fcadee93,1,2,23,#voucher
2e40f4ca6760b2209d72989c1533fe0c,1,1,119,#credit_card
2ff04f721a0ccf086506b4ba443d924a,1,1,32,#boleto
186c43c492d0813457a0da8ee78ef748,5,1,222,#credit_card
90ea2b1be9c98c67406de151652daa63,1,1,59,#boleto
0e9a5de04c76a97588efe7f216942de2,1,1,205,#boleto
ac3b973c9266d0035615e92f77c87420,2,1,73,#credit_card
10266b83757aba75b5fb490bfc84fd64,1,1,131,#credit_card
5662e7f8bbc6abe55e104ac06994a731,3,1,58,#credit_card
69e0526abe64c820d4dd97f2b9921e60,1,1,28,#credit_card
ad9447ca1bb7d23ed83358f2235b5a56,1,1,224,#boleto
b0e1d9af1bfc3a4d96489c81cf10fe69,1,1,136,#credit_card
2d0da8435c6493de84783c21578638aa,7,1,76,#credit_card
6a09c972c5374c18c043270ddf09b641,1,1,67,#credit_card
57cf629636cf674f91cdf37b7118b27f,1,1,138,#boleto
938b81c296794bf21f608257efd9aae9,1,1,68,#boleto
71e46015f37d1839f5feacddea47add2,3,1,74,#credit_card
d482cb92e40c8f1f96da881196ddd956,3,1,118,#credit_card
811acfa349a56222b8ca357b548123bb,3,1,85,#credit_card
09249f4625a56408772a45322aadd544,8,1,139,#credit_card
d0fcb0e64631dcf3a108b1837a69d9a5,1,1,5,#credit_card
c6ee046b85d59deed2e71242e970d437,4,1,119,#credit_card
928491f9ad93ae20de89668ea4a968e0,1,1,78,#credit_card
9c83e600b8c156f1b50b753f30e93634,1,1,84,#boleto
60b0fba7a3132de4c33d2a0a2f204b15,1,1,150,#boleto
035c01a45e289b155db4e47cf39b29d3,1,1,94,#boleto
e8f10e96c2974b2d58613a46cfef346b,2,1,77,#credit_card
72e260ebb1a3c209dfd76c76f1d4f65c,1,1,122,#boleto
631bf0797fc3480d6eae9757b0c816b4,10,1,529,#credit_card
374a125372cffb30e8e2df55f8448da4,1,1,73,#boleto
98f0e2b0d85754ca3b4e06d70f0f63a2,2,2,70,#credit_card
cf008a8ccb8f6eafc66de884e6bc2728,5,1,279,#credit_card
e415a718c8f2f0372ec699fec852fb68,2,1,90,#credit_card
ce4c70f737d1a9edba23290f6031d076,1,1,117,#boleto
e326f9904d668c8e2fce637b8b1fabe6,3,1,180,#credit_card
7df4045bb089bf92e7eaf3b506b6423b,2,1,111,#credit_card
b6373737638442df0342f512435488df,2,1,29,#credit_card
7936367b7140cd4370be2d7eb8d3e325,1,1,23,#credit_card
b5a1d012931f59ed905df201cf2aba80,1,2,50,#voucher
f819c53d333f9775d516f9ab29e0ded8,1,1,364,#boleto
879dd3373c7f9f0412d2ee301cdadbdb,1,1,48,#credit_card
1dfc284468e80b96e18103668871f465,6,1,79,#credit_card
6cc24bf6c628c261d2f9f0f7eef52a93,2,1,160,#credit_card
94779a352003cbec1931fe5d7b041f7e,1,1,66,#credit_card
b11a2fc0664cad475e2700523625a1e6,2,1,71,#credit_card
b45e0eedd6fb6570b2fc15416a437431,1,1,76,#credit_card
5454971549d855538eb746e4d263f9a5,1,2,189,#voucher
b33fb23930b882d67b4b114c33f2e6df,1,1,70,#debit_card
7aad0379bac4fe5dcb0a97650eaf957d,1,1,51,#boleto
023b49300b34f2b9961857266df731dc,2,1,163,#credit_card
dac3a461489588cac0ab57343d625915,1,1,36,#boleto
9cdf5eee30c936e5a33b193998e40d07,4,1,209,#credit_card
7a7ce47ebeac8469117cd0b044c03d1b,2,1,80,#credit_card
68e77d6af71665b7749d1e4ce51835ae,1,1,134,#credit_card
e417eb578007d00c0b658bc321e625fb,6,1,111,#credit_card
4a02bc45b72b95ce8a16efd46f2e1e47,1,1,54,#credit_card
59bdf4abef7b3ebc43ac9d4865b426d9,1,1,63,#boleto
fa8bc976c444fee300429c2465aa1842,1,1,335,#debit_card
608570b95a49743971fb82089b960070,1,3,12,#voucher
93d1fcee477966a088fa92cae7c8a488,8,1,238,#credit_card
f7535fb641a71ca3e0a6f2657dbfc51d,1,1,132,#credit_card
60622e02fde39a42fe9654c41a6bba8d,1,1,191,#debit_card
c1df4a5d1b544e51e2f038412f96c0a9,6,1,85,#credit_card
d48ccff01a1b3e35b69d6b6ed81a352a,1,1,38,#credit_card
dc3da2a9d0c93951fdc030194d48bb02,1,1,201,#credit_card
de25b0f0bc16aa46db52a0cb9963b764,1,1,213,#boleto
58ee11026c2fdda6ff738c392cc5fb00,1,1,74,#boleto
633bd8dd4d19125b69aeee2526f79779,1,1,55,#voucher
4fb76fa13b108a0d0478483421b0992c,1,6,10,#voucher
37efc102e49c3219c6ca92ce169327c9,1,1,58,#credit_card
b0bf00faa32149ac7d0400f67ce3d3b0,1,1,25,#credit_card
f8868b8046c99c3b68a17b935efe47a9,1,1,199,#boleto
b7a098563d93a0a1f918772c24ca3831,3,1,172,#credit_card
ba254174e8ca271319fbd168acd8684d,8,1,126,#credit_card
d949922726bdc62d5829069a73cc15ca,5,1,117,#credit_card
d2d6acd468cd36300e20668ae293923e,2,1,158,#credit_card
4b21c757f8c1a51d41c1653e15d8f289,1,2,247,#voucher
9490bfca05997e51ea0beb78eb0918fd,4,1,45,#credit_card
77a4cc7b685fb19e55b78931185be0eb,5,1,172,#credit_card
76a6cde2f1431bc0834cad44ad2f472f,2,1,189,#credit_card
7ef259be178f9f06c72a57add85b71cd,3,1,373,#credit_card
